CREATE DATABASE  IF NOT EXISTS `ing` /*!40100 DEFAULT CHARACTER SET utf8 */;
USE `ing`;
-- MySQL dump 10.13  Distrib 5.6.17, for Win64 (x86_64)
--
-- Host: localhost    Database: ing
-- ------------------------------------------------------
-- Server version	5.6.21-log

/*!40101 SET @OLD_CHARACTER_SET_CLIENT=@@CHARACTER_SET_CLIENT */;
/*!40101 SET @OLD_CHARACTER_SET_RESULTS=@@CHARACTER_SET_RESULTS */;
/*!40101 SET @OLD_COLLATION_CONNECTION=@@COLLATION_CONNECTION */;
/*!40101 SET NAMES utf8 */;
/*!40103 SET @OLD_TIME_ZONE=@@TIME_ZONE */;
/*!40103 SET TIME_ZONE='+00:00' */;
/*!40014 SET @OLD_UNIQUE_CHECKS=@@UNIQUE_CHECKS, UNIQUE_CHECKS=0 */;
/*!40014 SET @OLD_FOREIGN_KEY_CHECKS=@@FOREIGN_KEY_CHECKS, FOREIGN_KEY_CHECKS=0 */;
/*!40101 SET @OLD_SQL_MODE=@@SQL_MODE, SQL_MODE='NO_AUTO_VALUE_ON_ZERO' */;
/*!40111 SET @OLD_SQL_NOTES=@@SQL_NOTES, SQL_NOTES=0 */;

--
-- Table structure for table `access`
--
DROP TABLE IF EXISTS `access`;

CREATE TABLE `access` (
  `id` int(11) unsigned NOT NULL,
  `target` int(11) unsigned NOT NULL,
  `type` varchar(13) DEFAULT NULL,
  PRIMARY KEY (`id`,`target`)
) ENGINE=InnoDB DEFAULT CHARSET=latin1;

LOCK TABLES `access` WRITE;
/*!40000 ALTER TABLE `access` DISABLE KEYS */;

INSERT INTO `access` (`id`, `target`, `type`)
VALUES
  (11701,11703,'ouder'),
  (11701,11704,'ouder'),
  (11701,11705,'ouder'),
  (11702,11703,'ouder'),
  (11702,11704,'ouder'),
  (11702,11705,'ouder'),
  (11703,11701,'kind'),
  (11703,11702,'kind'),
  (11704,11701,'kind'),
  (11704,11702,'kind'),
  (11705,11701,'kind'),
  (11705,11702,'kind');

/*!40000 ALTER TABLE `access` ENABLE KEYS */;
UNLOCK TABLES;


# Dump of table tokens
# ------------------------------------------------------------

DROP TABLE IF EXISTS `tokens`;

CREATE TABLE `tokens` (
  `id` int(11) unsigned NOT NULL AUTO_INCREMENT,
  `token` text,
  PRIMARY KEY (`id`)
) ENGINE=InnoDB DEFAULT CHARSET=latin1;

LOCK TABLES `tokens` WRITE;
/*!40000 ALTER TABLE `tokens` DISABLE KEYS */;

INSERT INTO `tokens` (`id`, `token`)
VALUES
  (11701,'Bearer eyJhbGciOiJIUzI1NiIsImN0eSI6InRleHRcL3BsYWluIn0.eyJleHAiOjE0MTUwNzA3NDcsIm5vbmNlIjoiZTM1ZDc4MDktMTczYy00OWUyLThjMjctNDAwM2YzM2Q3MzM4IiwiYXVkIjpbImNsaWVudF9pZCJdLCJpc3MiOiJ1aWQxMTcwMSIsImp0aSI6IjM4MGU3MTE4LWUyYTItNGQ1Zi1iYTRmLTY3OGI2N2E1NTFkOCIsImlhdCI6MTQxNTg0Nzk5OX0.VKyi17uaP5ep2_7la-sysz9hNZiMGjtVPZsHz79ScqA'),
  (11702,'Bearer eyJhbGciOiJIUzI1NiIsImN0eSI6InRleHRcL3BsYWluIn0.eyJleHAiOjE0MTUwODgxMzYsIm5vbmNlIjoiMGI0MTlkNDEtMTM4OS00NTIzLThjOTMtZmRmZmQ2NDVlZGQ3IiwiYXVkIjpbImNsaWVudF9pZCJdLCJpc3MiOiJ1aWQxMTcwMiIsImp0aSI6ImY3YmZjOWJjLTMxMDQtNGRlYy04YTU0LTMyY2FkZDk4MjVkOCIsImlhdCI6MTQxNTg2NTM4OX0.wNCkBNrCYP49sQ83nUE9Ab-DWVQHKr954fxduQbLHto'),
  (11703,'Bearer eyJhbGciOiJIUzI1NiIsImN0eSI6InRleHRcL3BsYWluIn0.eyJleHAiOjE0MTUwODgzODYsIm5vbmNlIjoiYjZjNzYyYzEtMTI3OC00ZGEzLWE4ZjAtODUyOTFjMjk0M2YyIiwiYXVkIjpbImNsaWVudF9pZCJdLCJpc3MiOiJ1aWQxMTcwMyIsImp0aSI6IjQwNmJmOTNmLTc5ZTctNGQxZS1iNjRhLTMyZTNjYjk3Y2M4MCIsImlhdCI6MTQxNTg2NTYzOX0.82U77cCyECrFBVbtGfJWOE4KLmtepBzIe9EXfX8c79Y'),
  (11704,'Bearer eyJhbGciOiJIUzI1NiIsImN0eSI6InRleHRcL3BsYWluIn0.eyJleHAiOjE0MTUwNjIxOTIsIm5vbmNlIjoiMTY2ZTBiOGEtN2ExYS00NGIyLTlkMzAtMjU1NmY3YmFjMTA0IiwiYXVkIjpbImNsaWVudF9pZCJdLCJpc3MiOiJ1aWQxMTcwNCIsImp0aSI6ImI1NjQ2YzMwLWM5MDEtNGRmNy05NGFjLTAyMTMzMjlmZmM4NiIsImlhdCI6MTQxNTgzOTQ0NX0.bYjxCGEPpvTUxdoCFG8orzzO-j5YH-TS0d54b0-FrOQ');

/*!40000 ALTER TABLE `tokens` ENABLE KEYS */;
UNLOCK TABLES;


# Dump of table verzoeken
# ------------------------------------------------------------

DROP TABLE IF EXISTS `verzoeken`;

CREATE TABLE `verzoeken` (
  `tid` int(11) unsigned NOT NULL AUTO_INCREMENT,
  `van` int(11) DEFAULT NULL,
  `naar` int(11) DEFAULT NULL,
  `vanIban` varchar(18) DEFAULT NULL,
  `naarIban` varchar(18) DEFAULT NULL,
  `bedrag` int(11) DEFAULT NULL,
  `notitie` text,
  `naam` text,
  PRIMARY KEY (`tid`)
) ENGINE=InnoDB DEFAULT CHARSET=latin1;

LOCK TABLES `verzoeken` WRITE;
/*!40000 ALTER TABLE `verzoeken` DISABLE KEYS */;

INSERT INTO `verzoeken` (`tid`, `van`, `naar`, `vanIban`, `naarIban`, `bedrag`, `notitie`, `naam`)
VALUES
  (1,NULL,NULL,NULL,NULL,NULL,NULL,NULL),
  (2,NULL,NULL,NULL,NULL,NULL,NULL,NULL),
  (3,NULL,NULL,NULL,NULL,NULL,NULL,NULL),
  (4,11702,11703,'NL11INGX0005172905','NL17INGX0003090838',1,'dingen',NULL),
  (5,11703,11702,'NL17INGX0003090838','NL11INGX0005172905',4000,'','Jeroen van Berkel');

/*!40000 ALTER TABLE `verzoeken` ENABLE KEYS */;
UNLOCK TABLES;

/*!40103 SET TIME_ZONE=@OLD_TIME_ZONE */;

/*!40101 SET SQL_MODE=@OLD_SQL_MODE */;
/*!40014 SET FOREIGN_KEY_CHECKS=@OLD_FOREIGN_KEY_CHECKS */;
/*!40014 SET UNIQUE_CHECKS=@OLD_UNIQUE_CHECKS */;
/*!40101 SET CHARACTER_SET_CLIENT=@OLD_CHARACTER_SET_CLIENT */;
/*!40101 SET CHARACTER_SET_RESULTS=@OLD_CHARACTER_SET_RESULTS */;
/*!40101 SET COLLATION_CONNECTION=@OLD_COLLATION_CONNECTION */;
/*!40111 SET SQL_NOTES=@OLD_SQL_NOTES */;

-- Dump completed on 2014-11-13  6:42:54
